,FIPS,MATCH_ID
0,01001,autaugaal
1,01003,baldwinal
2,01005,barboural
3,01007,bibbal
4,01009,blountal
5,01011,bullockal
6,01013,butleral
7,01015,calhounal
8,01017,chambersal
9,01019,cherokeeal
10,01021,chiltonal
11,01023,choctawal
12,01025,clarkeal
13,01027,clayal
14,01029,cleburneal
15,01031,coffeeal
16,01033,colbertal
17,01035,conecuhal
18,01037,coosaal
19,01039,covingtonal
20,01041,crenshawal
21,01043,cullmanal
22,01045,daleal
23,01047,dallasal
24,01049,dekalbal
25,01051,elmoreal
26,01053,escambiaal
27,01055,etowahal
28,01057,fayetteal
29,01059,franklinal
30,01061,genevaal
31,01063,greeneal
32,01065,haleal
33,01067,henryal
34,01069,houstonal
35,01071,jacksonal
36,01073,jeffersonal
37,01075,lamaral
38,01077,lauderdaleal
39,01079,lawrenceal
40,01081,leeal
41,01083,limestoneal
42,01085,lowndesal
43,01087,maconal
44,01089,madisonal
45,01091,marengoal
46,01093,marional
47,01095,marshallal
48,01097,mobileal
49,01099,monroeal
50,01101,montgomeryal
51,01103,morganal
52,01105,perryal
53,01107,pickensal
54,01109,pikeal
55,01111,randolphal
56,01113,russellal
57,01115,stclairal
58,01117,shelbyal
59,01119,sumteral
60,01121,talladegaal
61,01123,tallapoosaal
62,01125,tuscaloosaal
63,01127,walkeral
64,01129,washingtonal
65,01131,wilcoxal
66,01133,winstonal
67,02013,aleutianseastak
68,02016,aleutianswestak
69,02020,anchorageak
70,02050,bethelak
71,02060,bristolbayak
72,02068,denaliak
73,02070,dillinghamak
74,02090,fairbanksnorthstarak
75,02100,hainesak
76,02110,juneauak
77,02122,kenaipeninsulaak
78,02130,ketchikangatewayak
79,02150,kodiakislandak
80,02164,lakeandpeninsulaak
81,02170,matanuska-susitnaak
82,02180,nomeak
83,02185,northslopeak
84,02188,northwestarcticak
85,02201,princeofwales-outerketchikanak
86,02220,sitkaak
87,02232,skagway-hoonah-angoonak
88,02240,southeastfairbanksak
89,02261,valdez-cordovaak
90,02270,wadehamptonak
91,02280,wrangell-petersburgak
92,02282,yakutatak
93,02290,yukon-koyukukak
94,04001,apacheaz
95,04003,cochiseaz
96,04005,coconinoaz
97,04007,gilaaz
98,04009,grahamaz
99,04011,greenleeaz
100,04012,lapazaz
101,04013,maricopaaz
102,04015,mohaveaz
103,04017,navajoaz
104,04019,pimaaz
105,04021,pinalaz
106,04023,santacruzaz
107,04025,yavapaiaz
108,04027,yumaaz
109,05001,arkansasar
110,05003,ashleyar
111,05005,baxterar
112,05007,bentonar
113,05009,boonear
114,05011,bradleyar
115,05013,calhounar
116,05015,carrollar
117,05017,chicotar
118,05019,clarkar
119,05021,clayar
120,05023,cleburnear
121,05025,clevelandar
122,05027,columbiaar
123,05029,conwayar
124,05031,craigheadar
125,05033,crawfordar
126,05035,crittendenar
127,05037,crossar
128,05039,dallasar
129,05041,deshaar
130,05043,drewar
131,05045,faulknerar
132,05047,franklinar
133,05049,fultonar
134,05051,garlandar
135,05053,grantar
136,05055,greenear
137,05057,hempsteadar
138,05059,hotspringar
139,05061,howardar
140,05063,independencear
141,05065,izardar
142,05067,jacksonar
143,05069,jeffersonar
144,05071,johnsonar
145,05073,lafayettear
146,05075,lawrencear
147,05077,leear
148,05079,lincolnar
149,05081,littleriverar
150,05083,loganar
151,05085,lonokear
152,05087,madisonar
153,05089,marionar
154,05091,millerar
155,05093,mississippiar
156,05095,monroear
157,05097,montgomeryar
158,05099,nevadaar
159,05101,newtonar
160,05103,ouachitaar
161,05105,perryar
162,05107,phillipsar
163,05109,pikear
164,05111,poinsettar
165,05113,polkar
166,05115,popear
167,05117,prairiear
168,05119,pulaskiar
169,05121,randolphar
170,05123,stfrancisar
171,05125,salinear
172,05127,scottar
173,05129,searcyar
174,05131,sebastianar
175,05133,sevierar
176,05135,sharpar
177,05137,stonear
178,05139,unionar
179,05141,vanburenar
180,05143,washingtonar
181,05145,whitear
182,05147,woodruffar
183,05149,yellar
184,06001,alamedaca
185,06003,alpineca
186,06005,amadorca
187,06007,butteca
188,06009,calaverasca
189,06011,colusaca
190,06013,contracostaca
191,06015,delnorteca
192,06017,eldoradoca
193,06019,fresnoca
194,06021,glennca
195,06023,humboldtca
196,06025,imperialca
197,06027,inyoca
198,06029,kernca
199,06031,kingsca
200,06033,lakeca
201,06035,lassenca
202,06037,losangelesca
203,06039,maderaca
204,06041,marinca
205,06043,mariposaca
206,06045,mendocinoca
207,06047,mercedca
208,06049,modocca
209,06051,monoca
210,06053,montereyca
211,06055,napaca
212,06057,nevadaca
213,06059,orangeca
214,06061,placerca
215,06063,plumasca
216,06065,riversideca
217,06067,sacramentoca
218,06069,sanbenitoca
219,06071,sanbernardinoca
220,06073,sandiegoca
221,06075,sanfranciscoca
222,06077,sanjoaquinca
223,06079,sanluisobispoca
224,06081,sanmateoca
225,06083,santabarbaraca
226,06085,santaclaraca
227,06087,santacruzca
228,06089,shastaca
229,06091,sierraca
230,06093,siskiyouca
231,06095,solanoca
232,06097,sonomaca
233,06099,stanislausca
234,06101,sutterca
235,06103,tehamaca
236,06105,trinityca
237,06107,tulareca
238,06109,tuolumneca
239,06111,venturaca
240,06113,yoloca
241,06115,yubaca
242,08001,adamsco
243,08003,alamosaco
244,08005,arapahoeco
245,08007,archuletaco
246,08009,bacaco
247,08011,bentco
248,08013,boulderco
249,08015,chaffeeco
250,08017,cheyenneco
251,08019,clearcreekco
252,08021,conejosco
253,08023,costillaco
254,08025,crowleyco
255,08027,custerco
256,08029,deltaco
257,08031,denverco
258,08033,doloresco
259,08035,douglasco
260,08037,eagleco
261,08039,elbertco
262,08041,elpasoco
263,08043,fremontco
264,08045,garfieldco
265,08047,gilpinco
266,08049,grandco
267,08051,gunnisonco
268,08053,hinsdaleco
269,08055,huerfanoco
270,08057,jacksonco
271,08059,jeffersonco
272,08061,kiowaco
273,08063,kitcarsonco
274,08065,lakeco
275,08067,laplataco
276,08069,larimerco
277,08071,lasanimasco
278,08073,lincolnco
279,08075,loganco
280,08077,mesaco
281,08079,mineralco
282,08081,moffatco
283,08083,montezumaco
284,08085,montroseco
285,08087,morganco
286,08089,oteroco
287,08091,ourayco
288,08093,parkco
289,08095,phillipsco
290,08097,pitkinco
291,08099,prowersco
292,08101,puebloco
293,08103,rioblancoco
294,08105,riograndeco
295,08107,routtco
296,08109,saguacheco
297,08111,sanjuanco
298,08113,sanmiguelco
299,08115,sedgwickco
300,08117,summitco
301,08119,tellerco
302,08121,washingtonco
303,08123,weldco
304,08125,yumaco
305,09001,fairfieldct
306,09003,hartfordct
307,09005,litchfieldct
308,09007,middlesexct
309,09009,newhavenct
310,09011,newlondonct
311,09013,tollandct
312,09015,windhamct
313,10001,kentde
314,10003,newcastlede
315,10005,sussexde
316,11001,washingtondc
317,12001,alachuafl
318,12003,bakerfl
319,12005,bayfl
320,12007,bradfordfl
321,12009,brevardfl
322,12011,browardfl
323,12013,calhounfl
324,12015,charlottefl
325,12017,citrusfl
326,12019,clayfl
327,12021,collierfl
328,12023,columbiafl
329,12027,desotofl
330,12029,dixiefl
331,12031,duvalfl
332,12033,escambiafl
333,12035,flaglerfl
334,12037,franklinfl
335,12039,gadsdenfl
336,12041,gilchristfl
337,12043,gladesfl
338,12045,gulffl
339,12047,hamiltonfl
340,12049,hardeefl
341,12051,hendryfl
342,12053,hernandofl
343,12055,highlandsfl
344,12057,hillsboroughfl
345,12059,holmesfl
346,12061,indianriverfl
347,12063,jacksonfl
348,12065,jeffersonfl
349,12067,lafayettefl
350,12069,lakefl
351,12071,leefl
352,12073,leonfl
353,12075,levyfl
354,12077,libertyfl
355,12079,madisonfl
356,12081,manateefl
357,12083,marionfl
358,12085,martinfl
359,12086,miami-dadefl
360,12087,monroefl
361,12089,nassaufl
362,12091,okaloosafl
363,12093,okeechobeefl
364,12095,orangefl
365,12097,osceolafl
366,12099,palmbeachfl
367,12101,pascofl
368,12103,pinellasfl
369,12105,polkfl
370,12107,putnamfl
371,12109,stjohnsfl
372,12111,stluciefl
373,12113,santarosafl
374,12115,sarasotafl
375,12117,seminolefl
376,12119,sumterfl
377,12121,suwanneefl
378,12123,taylorfl
379,12125,unionfl
380,12127,volusiafl
381,12129,wakullafl
382,12131,waltonfl
383,12133,washingtonfl
384,13001,applingga
385,13003,atkinsonga
386,13005,baconga
387,13007,bakerga
388,13009,baldwinga
389,13011,banksga
390,13013,barrowga
391,13015,bartowga
392,13017,benhillga
393,13019,berrienga
394,13021,bibbga
395,13023,bleckleyga
396,13025,brantleyga
397,13027,brooksga
398,13029,bryanga
399,13031,bullochga
400,13033,burkega
401,13035,buttsga
402,13037,calhounga
403,13039,camdenga
404,13043,candlerga
405,13045,carrollga
406,13047,catoosaga
407,13049,charltonga
408,13051,chathamga
409,13053,chattahoocheega
410,13055,chattoogaga
411,13057,cherokeega
412,13059,clarkega
413,13061,clayga
414,13063,claytonga
415,13065,clinchga
416,13067,cobbga
417,13069,coffeega
418,13071,colquittga
419,13073,columbiaga
420,13075,cookga
421,13077,cowetaga
422,13079,crawfordga
423,13081,crispga
424,13083,dadega
425,13085,dawsonga
426,13087,decaturga
427,13089,dekalbga
428,13091,dodgega
429,13093,doolyga
430,13095,doughertyga
431,13097,douglasga
432,13099,earlyga
433,13101,echolsga
434,13103,effinghamga
435,13105,elbertga
436,13107,emanuelga
437,13109,evansga
438,13111,fanninga
439,13113,fayettega
440,13115,floydga
441,13117,forsythga
442,13119,franklinga
443,13121,fultonga
444,13123,gilmerga
445,13125,glascockga
446,13127,glynnga
447,13129,gordonga
448,13131,gradyga
449,13133,greenega
450,13135,gwinnettga
451,13137,habershamga
452,13139,hallga
453,13141,hancockga
454,13143,haralsonga
455,13145,harrisga
456,13147,hartga
457,13149,heardga
458,13151,henryga
459,13153,houstonga
460,13155,irwinga
461,13157,jacksonga
462,13159,jasperga
463,13161,jeffdavisga
464,13163,jeffersonga
465,13165,jenkinsga
466,13167,johnsonga
467,13169,jonesga
468,13171,lamarga
469,13173,lanierga
470,13175,laurensga
471,13177,leega
472,13179,libertyga
473,13181,lincolnga
474,13183,longga
475,13185,lowndesga
476,13187,lumpkinga
477,13189,mcduffiega
478,13191,mcintoshga
479,13193,maconga
480,13195,madisonga
481,13197,marionga
482,13199,meriwetherga
483,13201,millerga
484,13205,mitchellga
485,13207,monroega
486,13209,montgomeryga
487,13211,morganga
488,13213,murrayga
489,13215,muscogeega
490,13217,newtonga
491,13219,oconeega
492,13221,oglethorpega
493,13223,pauldingga
494,13225,peachga
495,13227,pickensga
496,13229,piercega
497,13231,pikega
498,13233,polkga
499,13235,pulaskiga
500,13237,putnamga
501,13239,quitmanga
502,13241,rabunga
503,13243,randolphga
504,13245,richmondga
505,13247,rockdalega
506,13249,schleyga
507,13251,screvenga
508,13253,seminolega
509,13255,spaldingga
510,13257,stephensga
511,13259,stewartga
512,13261,sumterga
513,13263,talbotga
514,13265,taliaferroga
515,13267,tattnallga
516,13269,taylorga
517,13271,telfairga
518,13273,terrellga
519,13275,thomasga
520,13277,tiftga
521,13279,toombsga
522,13281,townsga
523,13283,treutlenga
524,13285,troupga
525,13287,turnerga
526,13289,twiggsga
527,13291,unionga
528,13293,upsonga
529,13295,walkerga
530,13297,waltonga
531,13299,warega
532,13301,warrenga
533,13303,washingtonga
534,13305,waynega
535,13307,websterga
536,13309,wheelerga
537,13311,whitega
538,13313,whitfieldga
539,13315,wilcoxga
540,13317,wilkesga
541,13319,wilkinsonga
542,13321,worthga
543,15001,hawaiihi
544,15003,honoluluhi
545,15007,kauaihi
546,15009,mauihi
547,16001,adaid
548,16003,adamsid
549,16005,bannockid
550,16007,bearlakeid
551,16009,benewahid
552,16011,binghamid
553,16013,blaineid
554,16015,boiseid
555,16017,bonnerid
556,16019,bonnevilleid
557,16021,boundaryid
558,16023,butteid
559,16025,camasid
560,16027,canyonid
561,16029,caribouid
562,16031,cassiaid
563,16033,clarkid
564,16035,clearwaterid
565,16037,custerid
566,16039,elmoreid
567,16041,franklinid
568,16043,fremontid
569,16045,gemid
570,16047,goodingid
571,16049,idahoid
572,16051,jeffersonid
573,16053,jeromeid
574,16055,kootenaiid
575,16057,latahid
576,16059,lemhiid
577,16061,lewisid
578,16063,lincolnid
579,16065,madisonid
580,16067,minidokaid
581,16069,nezperceid
582,16071,oneidaid
583,16073,owyheeid
584,16075,payetteid
585,16077,powerid
586,16079,shoshoneid
587,16081,tetonid
588,16083,twinfallsid
589,16085,valleyid
590,16087,washingtonid
591,17001,adamsil
592,17003,alexanderil
593,17005,bondil
594,17007,booneil
595,17009,brownil
596,17011,bureauil
597,17013,calhounil
598,17015,carrollil
599,17017,cassil
600,17019,champaignil
601,17021,christianil
602,17023,clarkil
603,17025,clayil
604,17027,clintonil
605,17029,colesil
606,17031,cookil
607,17033,crawfordil
608,17035,cumberlandil
609,17037,dekalbil
610,17039,dewittil
611,17041,douglasil
612,17043,dupageil
613,17045,edgaril
614,17047,edwardsil
615,17049,effinghamil
616,17051,fayetteil
617,17053,fordil
618,17055,franklinil
619,17057,fultonil
620,17059,gallatinil
621,17061,greeneil
622,17063,grundyil
623,17065,hamiltonil
624,17067,hancockil
625,17069,hardinil
626,17071,hendersonil
627,17073,henryil
628,17075,iroquoisil
629,17077,jacksonil
630,17079,jasperil
631,17081,jeffersonil
632,17083,jerseyil
633,17085,jodaviessil
634,17087,johnsonil
635,17089,kaneil
636,17091,kankakeeil
637,17093,kendallil
638,17095,knoxil
639,17097,lakeil
640,17099,lasalleil
641,17101,lawrenceil
642,17103,leeil
643,17105,livingstonil
644,17107,loganil
645,17109,mcdonoughil
646,17111,mchenryil
647,17113,mcleanil
648,17115,maconil
649,17117,macoupinil
650,17119,madisonil
651,17121,marionil
652,17123,marshallil
653,17125,masonil
654,17127,massacil
655,17129,menardil
656,17131,merceril
657,17133,monroeil
658,17135,montgomeryil
659,17137,morganil
660,17139,moultrieil
661,17141,ogleil
662,17143,peoriail
663,17145,perryil
664,17147,piattil
665,17149,pikeil
666,17151,popeil
667,17153,pulaskiil
668,17155,putnamil
669,17157,randolphil
670,17159,richlandil
671,17161,rockislandil
672,17163,stclairil
673,17165,salineil
674,17167,sangamonil
675,17169,schuyleril
676,17171,scottil
677,17173,shelbyil
678,17175,starkil
679,17177,stephensonil
680,17179,tazewellil
681,17181,unionil
682,17183,vermilionil
683,17185,wabashil
684,17187,warrenil
685,17189,washingtonil
686,17191,wayneil
687,17193,whiteil
688,17195,whitesideil
689,17197,willil
690,17199,williamsonil
691,17201,winnebagoil
692,17203,woodfordil
693,18001,adamsin
694,18003,allenin
695,18005,bartholomewin
696,18007,bentonin
697,18009,blackfordin
698,18011,boonein
699,18013,brownin
700,18015,carrollin
701,18017,cassin
702,18019,clarkin
703,18021,clayin
704,18023,clintonin
705,18025,crawfordin
706,18027,daviessin
707,18029,dearbornin
708,18031,decaturin
709,18033,dekalbin
710,18035,delawarein
711,18037,duboisin
712,18039,elkhartin
713,18041,fayettein
714,18043,floydin
715,18045,fountainin
716,18047,franklinin
717,18049,fultonin
718,18051,gibsonin
719,18053,grantin
720,18055,greenein
721,18057,hamiltonin
722,18059,hancockin
723,18061,harrisonin
724,18063,hendricksin
725,18065,henryin
726,18067,howardin
727,18069,huntingtonin
728,18071,jacksonin
729,18073,jasperin
730,18075,jayin
731,18077,jeffersonin
732,18079,jenningsin
733,18081,johnsonin
734,18083,knoxin
735,18085,kosciuskoin
736,18087,lagrangein
737,18089,lakein
738,18091,laportein
739,18093,lawrencein
740,18095,madisonin
741,18097,marionin
742,18099,marshallin
743,18101,martinin
744,18103,miamiin
745,18105,monroein
746,18107,montgomeryin
747,18109,morganin
748,18111,newtonin
749,18113,noblein
750,18115,ohioin
751,18117,orangein
752,18119,owenin
753,18121,parkein
754,18123,perryin
755,18125,pikein
756,18127,porterin
757,18129,poseyin
758,18131,pulaskiin
759,18133,putnamin
760,18135,randolphin
761,18137,ripleyin
762,18139,rushin
763,18141,stjosephin
764,18143,scottin
765,18145,shelbyin
766,18147,spencerin
767,18149,starkein
768,18151,steubenin
769,18153,sullivanin
770,18155,switzerlandin
771,18157,tippecanoein
772,18159,tiptonin
773,18161,unionin
774,18163,vanderburghin
775,18165,vermillionin
776,18167,vigoin
777,18169,wabashin
778,18171,warrenin
779,18173,warrickin
780,18175,washingtonin
781,18177,waynein
782,18179,wellsin
783,18181,whitein
784,18183,whitleyin
785,19001,adairia
786,19003,adamsia
787,19005,allamakeeia
788,19007,appanooseia
789,19009,audubonia
790,19011,bentonia
791,19013,blackhawkia
792,19015,booneia
793,19017,bremeria
794,19019,buchanania
795,19021,buenavistaia
796,19023,butleria
797,19025,calhounia
798,19027,carrollia
799,19029,cassia
800,19031,cedaria
801,19033,cerrogordoia
802,19035,cherokeeia
803,19037,chickasawia
804,19039,clarkeia
805,19041,clayia
806,19043,claytonia
807,19045,clintonia
808,19047,crawfordia
809,19049,dallasia
810,19051,davisia
811,19053,decaturia
812,19055,delawareia
813,19057,desmoinesia
814,19059,dickinsonia
815,19061,dubuqueia
816,19063,emmetia
817,19065,fayetteia
818,19067,floydia
819,19069,franklinia
820,19071,fremontia
821,19073,greeneia
822,19075,grundyia
823,19077,guthrieia
824,19079,hamiltonia
825,19081,hancockia
826,19083,hardinia
827,19085,harrisonia
828,19087,henryia
829,19089,howardia
830,19091,humboldtia
831,19093,idaia
832,19095,iowaia
833,19097,jacksonia
834,19099,jasperia
835,19101,jeffersonia
836,19103,johnsonia
837,19105,jonesia
838,19107,keokukia
839,19109,kossuthia
840,19111,leeia
841,19113,linnia
842,19115,louisaia
843,19117,lucasia
844,19119,lyonia
845,19121,madisonia
846,19123,mahaskaia
847,19125,marionia
848,19127,marshallia
849,19129,millsia
850,19131,mitchellia
851,19133,mononaia
852,19135,monroeia
853,19137,montgomeryia
854,19139,muscatineia
855,19141,obrienia
856,19143,osceolaia
857,19145,pageia
858,19147,paloaltoia
859,19149,plymouthia
860,19151,pocahontasia
861,19153,polkia
862,19155,pottawattamieia
863,19157,poweshiekia
864,19159,ringgoldia
865,19161,sacia
866,19163,scottia
867,19165,shelbyia
868,19167,siouxia
869,19169,storyia
870,19171,tamaia
871,19173,tayloria
872,19175,unionia
873,19177,vanburenia
874,19179,wapelloia
875,19181,warrenia
876,19183,washingtonia
877,19185,wayneia
878,19187,websteria
879,19189,winnebagoia
880,19191,winneshiekia
881,19193,woodburyia
882,19195,worthia
883,19197,wrightia
884,20001,allenks
885,20003,andersonks
886,20005,atchisonks
887,20007,barberks
888,20009,bartonks
889,20011,bourbonks
890,20013,brownks
891,20015,butlerks
892,20017,chaseks
893,20019,chautauquaks
894,20021,cherokeeks
895,20023,cheyenneks
896,20025,clarkks
897,20027,clayks
898,20029,cloudks
899,20031,coffeyks
900,20033,comancheks
901,20035,cowleyks
902,20037,crawfordks
903,20039,decaturks
904,20041,dickinsonks
905,20043,doniphanks
906,20045,douglasks
907,20047,edwardsks
908,20049,elkks
909,20051,ellisks
910,20053,ellsworthks
911,20055,finneyks
912,20057,fordks
913,20059,franklinks
914,20061,gearyks
915,20063,goveks
916,20065,grahamks
917,20067,grantks
918,20069,grayks
919,20071,greeleyks
920,20073,greenwoodks
921,20075,hamiltonks
922,20077,harperks
923,20079,harveyks
924,20081,haskellks
925,20083,hodgemanks
926,20085,jacksonks
927,20087,jeffersonks
928,20089,jewellks
929,20091,johnsonks
930,20093,kearnyks
931,20095,kingmanks
932,20097,kiowaks
933,20099,labetteks
934,20101,laneks
935,20103,leavenworthks
936,20105,lincolnks
937,20107,linnks
938,20109,loganks
939,20111,lyonks
940,20113,mcphersonks
941,20115,marionks
942,20117,marshallks
943,20119,meadeks
944,20121,miamiks
945,20123,mitchellks
946,20125,montgomeryks
947,20127,morrisks
948,20129,mortonks
949,20131,nemahaks
950,20133,neoshoks
951,20135,nessks
952,20137,nortonks
953,20139,osageks
954,20141,osborneks
955,20143,ottawaks
956,20145,pawneeks
957,20147,phillipsks
958,20149,pottawatomieks
959,20151,prattks
960,20153,rawlinsks
961,20155,renoks
962,20157,republicks
963,20159,riceks
964,20161,rileyks
965,20163,rooksks
966,20165,rushks
967,20167,russellks
968,20169,salineks
969,20171,scottks
970,20173,sedgwickks
971,20175,sewardks
972,20177,shawneeks
973,20179,sheridanks
974,20181,shermanks
975,20183,smithks
976,20185,staffordks
977,20187,stantonks
978,20189,stevensks
979,20191,sumnerks
980,20193,thomasks
981,20195,tregoks
982,20197,wabaunseeks
983,20199,wallaceks
984,20201,washingtonks
985,20203,wichitaks
986,20205,wilsonks
987,20207,woodsonks
988,20209,wyandotteks
989,21001,adairky
990,21003,allenky
991,21005,andersonky
992,21007,ballardky
993,21009,barrenky
994,21011,bathky
995,21013,bellky
996,21015,booneky
997,21017,bourbonky
998,21019,boydky
999,21021,boyleky
1000,21023,brackenky
1001,21025,breathittky
1002,21027,breckinridgeky
1003,21029,bullittky
1004,21031,butlerky
1005,21033,caldwellky
1006,21035,callowayky
1007,21037,campbellky
1008,21039,carlisleky
1009,21041,carrollky
1010,21043,carterky
1011,21045,caseyky
1012,21047,christianky
1013,21049,clarkky
1014,21051,clayky
1015,21053,clintonky
1016,21055,crittendenky
1017,21057,cumberlandky
1018,21059,daviessky
1019,21061,edmonsonky
1020,21063,elliottky
1021,21065,estillky
1022,21067,fayetteky
1023,21069,flemingky
1024,21071,floydky
1025,21073,franklinky
1026,21075,fultonky
1027,21077,gallatinky
1028,21079,garrardky
1029,21081,grantky
1030,21083,gravesky
1031,21085,graysonky
1032,21087,greenky
1033,21089,greenupky
1034,21091,hancockky
1035,21093,hardinky
1036,21095,harlanky
1037,21097,harrisonky
1038,21099,hartky
1039,21101,hendersonky
1040,21103,henryky
1041,21105,hickmanky
1042,21107,hopkinsky
1043,21109,jacksonky
1044,21111,jeffersonky
1045,21113,jessamineky
1046,21115,johnsonky
1047,21117,kentonky
1048,21119,knottky
1049,21121,knoxky
1050,21123,larueky
1051,21125,laurelky
1052,21127,lawrenceky
1053,21129,leeky
1054,21131,leslieky
1055,21133,letcherky
1056,21135,lewisky
1057,21137,lincolnky
1058,21139,livingstonky
1059,21141,loganky
1060,21143,lyonky
1061,21145,mccrackenky
1062,21147,mccrearyky
1063,21149,mcleanky
1064,21151,madisonky
1065,21153,magoffinky
1066,21155,marionky
1067,21157,marshallky
1068,21159,martinky
1069,21161,masonky
1070,21163,meadeky
1071,21165,menifeeky
1072,21167,mercerky
1073,21169,metcalfeky
1074,21171,monroeky
1075,21173,montgomeryky
1076,21175,morganky
1077,21177,muhlenbergky
1078,21179,nelsonky
1079,21181,nicholasky
1080,21183,ohioky
1081,21185,oldhamky
1082,21187,owenky
1083,21189,owsleyky
1084,21191,pendletonky
1085,21193,perryky
1086,21195,pikeky
1087,21197,powellky
1088,21199,pulaskiky
1089,21201,robertsonky
1090,21203,rockcastleky
1091,21205,rowanky
1092,21207,russellky
1093,21209,scottky
1094,21211,shelbyky
1095,21213,simpsonky
1096,21215,spencerky
1097,21217,taylorky
1098,21219,toddky
1099,21221,triggky
1100,21223,trimbleky
1101,21225,unionky
1102,21227,warrenky
1103,21229,washingtonky
1104,21231,wayneky
1105,21233,websterky
1106,21235,whitleyky
1107,21237,wolfeky
1108,21239,woodfordky
1109,22001,acadiala
1110,22003,allenla
1111,22005,ascensionla
1112,22007,assumptionla
1113,22009,avoyellesla
1114,22011,beauregardla
1115,22013,bienvillela
1116,22015,bossierla
1117,22017,caddola
1118,22019,calcasieula
1119,22021,caldwellla
1120,22023,cameronla
1121,22025,catahoulala
1122,22027,claibornela
1123,22029,concordiala
1124,22031,desotola
1125,22033,eastbatonrougela
1126,22035,eastcarrollla
1127,22037,eastfelicianala
1128,22039,evangelinela
1129,22041,franklinla
1130,22043,grantla
1131,22045,iberiala
1132,22047,ibervillela
1133,22049,jacksonla
1134,22051,jeffersonla
1135,22053,jeffersondavisla
1136,22055,lafayettela
1137,22057,lafourchela
1138,22059,lasallela
1139,22061,lincolnla
1140,22063,livingstonla
1141,22065,madisonla
1142,22067,morehousela
1143,22069,natchitochesla
1144,22071,orleansla
1145,22073,ouachitala
1146,22075,plaqueminesla
1147,22077,pointecoupeela
1148,22079,rapidesla
1149,22081,redriverla
1150,22083,richlandla
1151,22085,sabinela
1152,22087,stbernardla
1153,22089,stcharlesla
1154,22091,sthelenala
1155,22093,stjamesla
1156,22095,stjohnthebaptistla
1157,22097,stlandryla
1158,22099,stmartinla
1159,22101,stmaryla
1160,22103,sttammanyla
1161,22105,tangipahoala
1162,22107,tensasla
1163,22109,terrebonnela
1164,22111,unionla
1165,22113,vermilionla
1166,22115,vernonla
1167,22117,washingtonla
1168,22119,websterla
1169,22121,westbatonrougela
1170,22123,westcarrollla
1171,22125,westfelicianala
1172,22127,winnla
1173,23001,androscogginme
1174,23003,aroostookme
1175,23005,cumberlandme
1176,23007,franklinme
1177,23009,hancockme
1178,23011,kennebecme
1179,23013,knoxme
1180,23015,lincolnme
1181,23017,oxfordme
1182,23019,penobscotme
1183,23021,piscataquisme
1184,23023,sagadahocme
1185,23025,somersetme
1186,23027,waldome
1187,23029,washingtonme
1188,23031,yorkme
1189,24001,alleganymd
1190,24003,annearundelmd
1191,24005,baltimoremd
1192,24009,calvertmd
1193,24011,carolinemd
1194,24013,carrollmd
1195,24015,cecilmd
1196,24017,charlesmd
1197,24019,dorchestermd
1198,24021,frederickmd
1199,24023,garrettmd
1200,24025,harfordmd
1201,24027,howardmd
1202,24029,kentmd
1203,24031,montgomerymd
1204,24033,princegeorgesmd
1205,24035,queenannesmd
1206,24037,stmarysmd
1207,24039,somersetmd
1208,24041,talbotmd
1209,24043,washingtonmd
1210,24045,wicomicomd
1211,24047,worcestermd
1212,24510,baltimoremd
1213,25001,barnstablema
1214,25003,berkshirema
1215,25005,bristolma
1216,25007,dukesma
1217,25009,essexma
1218,25011,franklinma
1219,25013,hampdenma
1220,25015,hampshirema
1221,25017,middlesexma
1222,25019,nantucketma
1223,25021,norfolkma
1224,25023,plymouthma
1225,25025,suffolkma
1226,25027,worcesterma
1227,26001,alconami
1228,26003,algermi
1229,26005,alleganmi
1230,26007,alpenami
1231,26009,antrimmi
1232,26011,arenacmi
1233,26013,baragami
1234,26015,barrymi
1235,26017,baymi
1236,26019,benziemi
1237,26021,berrienmi
1238,26023,branchmi
1239,26025,calhounmi
1240,26027,cassmi
1241,26029,charlevoixmi
1242,26031,cheboyganmi
1243,26033,chippewami
1244,26035,claremi
1245,26037,clintonmi
1246,26039,crawfordmi
1247,26041,deltami
1248,26043,dickinsonmi
1249,26045,eatonmi
1250,26047,emmetmi
1251,26049,geneseemi
1252,26051,gladwinmi
1253,26053,gogebicmi
1254,26055,grandtraversemi
1255,26057,gratiotmi
1256,26059,hillsdalemi
1257,26061,houghtonmi
1258,26063,huronmi
1259,26065,inghammi
1260,26067,ioniami
1261,26069,ioscomi
1262,26071,ironmi
1263,26073,isabellami
1264,26075,jacksonmi
1265,26077,kalamazoomi
1266,26079,kalkaskami
1267,26081,kentmi
1268,26083,keweenawmi
1269,26085,lakemi
1270,26087,lapeermi
1271,26089,leelanaumi
1272,26091,lenaweemi
1273,26093,livingstonmi
1274,26095,lucemi
1275,26097,mackinacmi
1276,26099,macombmi
1277,26101,manisteemi
1278,26103,marquettemi
1279,26105,masonmi
1280,26107,mecostami
1281,26109,menomineemi
1282,26111,midlandmi
1283,26113,missaukeemi
1284,26115,monroemi
1285,26117,montcalmmi
1286,26119,montmorencymi
1287,26121,muskegonmi
1288,26123,newaygomi
1289,26125,oaklandmi
1290,26127,oceanami
1291,26129,ogemawmi
1292,26131,ontonagonmi
1293,26133,osceolami
1294,26135,oscodami
1295,26137,otsegomi
1296,26139,ottawami
1297,26141,presqueislemi
1298,26143,roscommonmi
1299,26145,saginawmi
1300,26147,stclairmi
1301,26149,stjosephmi
1302,26151,sanilacmi
1303,26153,schoolcraftmi
1304,26155,shiawasseemi
1305,26157,tuscolami
1306,26159,vanburenmi
1307,26161,washtenawmi
1308,26163,waynemi
1309,26165,wexfordmi
1310,27001,aitkinmn
1311,27003,anokamn
1312,27005,beckermn
1313,27007,beltramimn
1314,27009,bentonmn
1315,27011,bigstonemn
1316,27013,blueearthmn
1317,27015,brownmn
1318,27017,carltonmn
1319,27019,carvermn
1320,27021,cassmn
1321,27023,chippewamn
1322,27025,chisagomn
1323,27027,claymn
1324,27029,clearwatermn
1325,27031,cookmn
1326,27033,cottonwoodmn
1327,27035,crowwingmn
1328,27037,dakotamn
1329,27039,dodgemn
1330,27041,douglasmn
1331,27043,faribaultmn
1332,27045,fillmoremn
1333,27047,freebornmn
1334,27049,goodhuemn
1335,27051,grantmn
1336,27053,hennepinmn
1337,27055,houstonmn
1338,27057,hubbardmn
1339,27059,isantimn
1340,27061,itascamn
1341,27063,jacksonmn
1342,27065,kanabecmn
1343,27067,kandiyohimn
1344,27069,kittsonmn
1345,27071,koochichingmn
1346,27073,lacquiparlemn
1347,27075,lakemn
1348,27077,lakeofthewoodsmn
1349,27079,lesueurmn
1350,27081,lincolnmn
1351,27083,lyonmn
1352,27085,mcleodmn
1353,27087,mahnomenmn
1354,27089,marshallmn
1355,27091,martinmn
1356,27093,meekermn
1357,27095,millelacsmn
1358,27097,morrisonmn
1359,27099,mowermn
1360,27101,murraymn
1361,27103,nicolletmn
1362,27105,noblesmn
1363,27107,normanmn
1364,27109,olmstedmn
1365,27111,ottertailmn
1366,27113,penningtonmn
1367,27115,pinemn
1368,27117,pipestonemn
1369,27119,polkmn
1370,27121,popemn
1371,27123,ramseymn
1372,27125,redlakemn
1373,27127,redwoodmn
1374,27129,renvillemn
1375,27131,ricemn
1376,27133,rockmn
1377,27135,roseaumn
1378,27137,stlouismn
1379,27139,scottmn
1380,27141,sherburnemn
1381,27143,sibleymn
1382,27145,stearnsmn
1383,27147,steelemn
1384,27149,stevensmn
1385,27151,swiftmn
1386,27153,toddmn
1387,27155,traversemn
1388,27157,wabashamn
1389,27159,wadenamn
1390,27161,wasecamn
1391,27163,washingtonmn
1392,27165,watonwanmn
1393,27167,wilkinmn
1394,27169,winonamn
1395,27171,wrightmn
1396,27173,yellowmedicinemn
1397,28001,adamsms
1398,28003,alcornms
1399,28005,amitems
1400,28007,attalams
1401,28009,bentonms
1402,28011,bolivarms
1403,28013,calhounms
1404,28015,carrollms
1405,28017,chickasawms
1406,28019,choctawms
1407,28021,claibornems
1408,28023,clarkems
1409,28025,clayms
1410,28027,coahomams
1411,28029,copiahms
1412,28031,covingtonms
1413,28033,desotoms
1414,28035,forrestms
1415,28037,franklinms
1416,28039,georgems
1417,28041,greenems
1418,28043,grenadams
1419,28045,hancockms
1420,28047,harrisonms
1421,28049,hindsms
1422,28051,holmesms
1423,28053,humphreysms
1424,28055,issaquenams
1425,28057,itawambams
1426,28059,jacksonms
1427,28061,jasperms
1428,28063,jeffersonms
1429,28065,jeffersondavisms
1430,28067,jonesms
1431,28069,kemperms
1432,28071,lafayettems
1433,28073,lamarms
1434,28075,lauderdalems
1435,28077,lawrencems
1436,28079,leakems
1437,28081,leems
1438,28083,leflorems
1439,28085,lincolnms
1440,28087,lowndesms
1441,28089,madisonms
1442,28091,marionms
1443,28093,marshallms
1444,28095,monroems
1445,28097,montgomeryms
1446,28099,neshobams
1447,28101,newtonms
1448,28103,noxubeems
1449,28105,oktibbehams
1450,28107,panolams
1451,28109,pearlriverms
1452,28111,perryms
1453,28113,pikems
1454,28115,pontotocms
1455,28117,prentissms
1456,28119,quitmanms
1457,28121,rankinms
1458,28123,scottms
1459,28125,sharkeyms
1460,28127,simpsonms
1461,28129,smithms
1462,28131,stonems
1463,28133,sunflowerms
1464,28135,tallahatchiems
1465,28137,tatems
1466,28139,tippahms
1467,28141,tishomingoms
1468,28143,tunicams
1469,28145,unionms
1470,28147,walthallms
1471,28149,warrenms
1472,28151,washingtonms
1473,28153,waynems
1474,28155,websterms
1475,28157,wilkinsonms
1476,28159,winstonms
1477,28161,yalobushams
1478,28163,yazooms
1479,29001,adairmo
1480,29003,andrewmo
1481,29005,atchisonmo
1482,29007,audrainmo
1483,29009,barrymo
1484,29011,bartonmo
1485,29013,batesmo
1486,29015,bentonmo
1487,29017,bollingermo
1488,29019,boonemo
1489,29021,buchananmo
1490,29023,butlermo
1491,29025,caldwellmo
1492,29027,callawaymo
1493,29029,camdenmo
1494,29031,capegirardeaumo
1495,29033,carrollmo
1496,29035,cartermo
1497,29037,cassmo
1498,29039,cedarmo
1499,29041,charitonmo
1500,29043,christianmo
1501,29045,clarkmo
1502,29047,claymo
1503,29049,clintonmo
1504,29051,colemo
1505,29053,coopermo
1506,29055,crawfordmo
1507,29057,dademo
1508,29059,dallasmo
1509,29061,daviessmo
1510,29063,dekalbmo
1511,29065,dentmo
1512,29067,douglasmo
1513,29069,dunklinmo
1514,29071,franklinmo
1515,29073,gasconademo
1516,29075,gentrymo
1517,29077,greenemo
1518,29079,grundymo
1519,29081,harrisonmo
1520,29083,henrymo
1521,29085,hickorymo
1522,29087,holtmo
1523,29089,howardmo
1524,29091,howellmo
1525,29093,ironmo
1526,29095,jacksonmo
1527,29097,jaspermo
1528,29099,jeffersonmo
1529,29101,johnsonmo
1530,29103,knoxmo
1531,29105,lacledemo
1532,29107,lafayettemo
1533,29109,lawrencemo
1534,29111,lewismo
1535,29113,lincolnmo
1536,29115,linnmo
1537,29117,livingstonmo
1538,29119,mcdonaldmo
1539,29121,maconmo
1540,29123,madisonmo
1541,29125,mariesmo
1542,29127,marionmo
1543,29129,mercermo
1544,29131,millermo
1545,29133,mississippimo
1546,29135,moniteaumo
1547,29137,monroemo
1548,29139,montgomerymo
1549,29141,morganmo
1550,29143,newmadridmo
1551,29145,newtonmo
1552,29147,nodawaymo
1553,29149,oregonmo
1554,29151,osagemo
1555,29153,ozarkmo
1556,29155,pemiscotmo
1557,29157,perrymo
1558,29159,pettismo
1559,29161,phelpsmo
1560,29163,pikemo
1561,29165,plattemo
1562,29167,polkmo
1563,29169,pulaskimo
1564,29171,putnammo
1565,29173,rallsmo
1566,29175,randolphmo
1567,29177,raymo
1568,29179,reynoldsmo
1569,29181,ripleymo
1570,29183,stcharlesmo
1571,29185,stclairmo
1572,29186,stegenevievemo
1573,29187,stfrancoismo
1574,29189,stlouismo
1575,29195,salinemo
1576,29197,schuylermo
1577,29199,scotlandmo
1578,29201,scottmo
1579,29203,shannonmo
1580,29205,shelbymo
1581,29207,stoddardmo
1582,29209,stonemo
1583,29211,sullivanmo
1584,29213,taneymo
1585,29215,texasmo
1586,29217,vernonmo
1587,29219,warrenmo
1588,29221,washingtonmo
1589,29223,waynemo
1590,29225,webstermo
1591,29227,worthmo
1592,29229,wrightmo
1593,29510,stlouiscitymo
1594,30001,beaverheadmt
1595,30003,bighornmt
1596,30005,blainemt
1597,30007,broadwatermt
1598,30009,carbonmt
1599,30011,cartermt
1600,30013,cascademt
1601,30015,chouteaumt
1602,30017,custermt
1603,30019,danielsmt
1604,30021,dawsonmt
1605,30023,deerlodgemt
1606,30025,fallonmt
1607,30027,fergusmt
1608,30029,flatheadmt
1609,30031,gallatinmt
1610,30033,garfieldmt
1611,30035,glaciermt
1612,30037,goldenvalleymt
1613,30039,granitemt
1614,30041,hillmt
1615,30043,jeffersonmt
1616,30045,judithbasinmt
1617,30047,lakemt
1618,30049,lewisandclarkmt
1619,30051,libertymt
1620,30053,lincolnmt
1621,30055,mcconemt
1622,30057,madisonmt
1623,30059,meaghermt
1624,30061,mineralmt
1625,30063,missoulamt
1626,30065,musselshellmt
1627,30067,parkmt
1628,30069,petroleummt
1629,30071,phillipsmt
1630,30073,ponderamt
1631,30075,powderrivermt
1632,30077,powellmt
1633,30079,prairiemt
1634,30081,ravallimt
1635,30083,richlandmt
1636,30085,rooseveltmt
1637,30087,rosebudmt
1638,30089,sandersmt
1639,30091,sheridanmt
1640,30093,silverbowmt
1641,30095,stillwatermt
1642,30097,sweetgrassmt
1643,30099,tetonmt
1644,30101,toolemt
1645,30103,treasuremt
1646,30105,valleymt
1647,30107,wheatlandmt
1648,30109,wibauxmt
1649,30111,yellowstonemt
1650,30113,yellowstonenatparkmt
1651,31001,adamsne
1652,31003,antelopene
1653,31005,arthurne
1654,31007,bannerne
1655,31009,blainene
1656,31011,boonene
1657,31013,boxbuttene
1658,31015,boydne
1659,31017,brownne
1660,31019,buffalone
1661,31021,burtne
1662,31023,butlerne
1663,31025,cassne
1664,31027,cedarne
1665,31029,chasene
1666,31031,cherryne
1667,31033,cheyennene
1668,31035,clayne
1669,31037,colfaxne
1670,31039,cumingne
1671,31041,custerne
1672,31043,dakotane
1673,31045,dawesne
1674,31047,dawsonne
1675,31049,deuelne
1676,31051,dixonne
1677,31053,dodgene
1678,31055,douglasne
1679,31057,dundyne
1680,31059,fillmorene
1681,31061,franklinne
1682,31063,frontierne
1683,31065,furnasne
1684,31067,gagene
1685,31069,gardenne
1686,31071,garfieldne
1687,31073,gosperne
1688,31075,grantne
1689,31077,greeleyne
1690,31079,hallne
1691,31081,hamiltonne
1692,31083,harlanne
1693,31085,hayesne
1694,31087,hitchcockne
1695,31089,holtne
1696,31091,hookerne
1697,31093,howardne
1698,31095,jeffersonne
1699,31097,johnsonne
1700,31099,kearneyne
1701,31101,keithne
1702,31103,keyapahane
1703,31105,kimballne
1704,31107,knoxne
1705,31109,lancasterne
1706,31111,lincolnne
1707,31113,loganne
1708,31115,loupne
1709,31117,mcphersonne
1710,31119,madisonne
1711,31121,merrickne
1712,31123,morrillne
1713,31125,nancene
1714,31127,nemahane
1715,31129,nuckollsne
1716,31131,otoene
1717,31133,pawneene
1718,31135,perkinsne
1719,31137,phelpsne
1720,31139,piercene
1721,31141,plattene
1722,31143,polkne
1723,31145,redwillowne
1724,31147,richardsonne
1725,31149,rockne
1726,31151,salinene
1727,31153,sarpyne
1728,31155,saundersne
1729,31157,scottsbluffne
1730,31159,sewardne
1731,31161,sheridanne
1732,31163,shermanne
1733,31165,siouxne
1734,31167,stantonne
1735,31169,thayerne
1736,31171,thomasne
1737,31173,thurstonne
1738,31175,valleyne
1739,31177,washingtonne
1740,31179,waynene
1741,31181,websterne
1742,31183,wheelerne
1743,31185,yorkne
1744,32001,churchillnv
1745,32003,clarknv
1746,32005,douglasnv
1747,32007,elkonv
1748,32009,esmeraldanv
1749,32011,eurekanv
1750,32013,humboldtnv
1751,32015,landernv
1752,32017,lincolnnv
1753,32019,lyonnv
1754,32021,mineralnv
1755,32023,nyenv
1756,32027,pershingnv
1757,32029,storeynv
1758,32031,washoenv
1759,32033,whitepinenv
1760,32510,carsonnv
1761,33001,belknapnh
1762,33003,carrollnh
1763,33005,cheshirenh
1764,33007,coosnh
1765,33009,graftonnh
1766,33011,hillsboroughnh
1767,33013,merrimacknh
1768,33015,rockinghamnh
1769,33017,straffordnh
1770,33019,sullivannh
1771,34001,atlanticnj
1772,34003,bergennj
1773,34005,burlingtonnj
1774,34007,camdennj
1775,34009,capemaynj
1776,34011,cumberlandnj
1777,34013,essexnj
1778,34015,gloucesternj
1779,34017,hudsonnj
1780,34019,hunterdonnj
1781,34021,mercernj
1782,34023,middlesexnj
1783,34025,monmouthnj
1784,34027,morrisnj
1785,34029,oceannj
1786,34031,passaicnj
1787,34033,salemnj
1788,34035,somersetnj
1789,34037,sussexnj
1790,34039,unionnj
1791,34041,warrennj
1792,35001,bernalillonm
1793,35003,catronnm
1794,35005,chavesnm
1795,35006,cibolanm
1796,35007,colfaxnm
1797,35009,currynm
1798,35011,debacanm
1799,35013,donaananm
1800,35015,eddynm
1801,35017,grantnm
1802,35019,guadalupenm
1803,35021,hardingnm
1804,35023,hidalgonm
1805,35025,leanm
1806,35027,lincolnnm
1807,35028,losalamosnm
1808,35029,lunanm
1809,35031,mckinleynm
1810,35033,moranm
1811,35035,oteronm
1812,35037,quaynm
1813,35039,rioarribanm
1814,35041,rooseveltnm
1815,35043,sandovalnm
1816,35045,sanjuannm
1817,35047,sanmiguelnm
1818,35049,santafenm
1819,35051,sierranm
1820,35053,socorronm
1821,35055,taosnm
1822,35057,torrancenm
1823,35059,unionnm
1824,35061,valencianm
1825,36001,albanyny
1826,36003,alleganyny
1827,36005,bronxny
1828,36007,broomeny
1829,36009,cattaraugusny
1830,36011,cayugany
1831,36013,chautauquany
1832,36015,chemungny
1833,36017,chenangony
1834,36019,clintonny
1835,36021,columbiany
1836,36023,cortlandny
1837,36025,delawareny
1838,36027,dutchessny
1839,36029,erieny
1840,36031,essexny
1841,36033,franklinny
1842,36035,fultonny
1843,36037,geneseeny
1844,36039,greeneny
1845,36041,hamiltonny
1846,36043,herkimerny
1847,36045,jeffersonny
1848,36047,kingsny
1849,36049,lewisny
1850,36051,livingstonny
1851,36053,madisonny
1852,36055,monroeny
1853,36057,montgomeryny
1854,36059,nassauny
1855,36061,newyorkny
1856,36063,niagarany
1857,36065,oneidany
1858,36067,onondagany
1859,36069,ontariony
1860,36071,orangeny
1861,36073,orleansny
1862,36075,oswegony
1863,36077,otsegony
1864,36079,putnamny
1865,36081,queensny
1866,36083,rensselaerny
1867,36085,richmondny
1868,36087,rocklandny
1869,36089,stlawrenceny
1870,36091,saratogany
1871,36093,schenectadyny
1872,36095,schoharieny
1873,36097,schuylerny
1874,36099,senecany
1875,36101,steubenny
1876,36103,suffolkny
1877,36105,sullivanny
1878,36107,tiogany
1879,36109,tompkinsny
1880,36111,ulsterny
1881,36113,warrenny
1882,36115,washingtonny
1883,36117,wayneny
1884,36119,westchesterny
1885,36121,wyomingny
1886,36123,yatesny
1887,37001,alamancenc
1888,37003,alexandernc
1889,37005,alleghanync
1890,37007,ansonnc
1891,37009,ashenc
1892,37011,averync
1893,37013,beaufortnc
1894,37015,bertienc
1895,37017,bladennc
1896,37019,brunswicknc
1897,37021,buncombenc
1898,37023,burkenc
1899,37025,cabarrusnc
1900,37027,caldwellnc
1901,37029,camdennc
1902,37031,carteretnc
1903,37033,caswellnc
1904,37035,catawbanc
1905,37037,chathamnc
1906,37039,cherokeenc
1907,37041,chowannc
1908,37043,claync
1909,37045,clevelandnc
1910,37047,columbusnc
1911,37049,cravennc
1912,37051,cumberlandnc
1913,37053,curritucknc
1914,37055,darenc
1915,37057,davidsonnc
1916,37059,davienc
1917,37061,duplinnc
1918,37063,durhamnc
1919,37065,edgecombenc
1920,37067,forsythnc
1921,37069,franklinnc
1922,37071,gastonnc
1923,37073,gatesnc
1924,37075,grahamnc
1925,37077,granvillenc
1926,37079,greenenc
1927,37081,guilfordnc
1928,37083,halifaxnc
1929,37085,harnettnc
1930,37087,haywoodnc
1931,37089,hendersonnc
1932,37091,hertfordnc
1933,37093,hokenc
1934,37095,hydenc
1935,37097,iredellnc
1936,37099,jacksonnc
1937,37101,johnstonnc
1938,37103,jonesnc
1939,37105,leenc
1940,37107,lenoirnc
1941,37109,lincolnnc
1942,37111,mcdowellnc
1943,37113,maconnc
1944,37115,madisonnc
1945,37117,martinnc
1946,37119,mecklenburgnc
1947,37121,mitchellnc
1948,37123,montgomerync
1949,37125,moorenc
1950,37127,nashnc
1951,37129,newhanovernc
1952,37131,northamptonnc
1953,37133,onslownc
1954,37135,orangenc
1955,37137,pamliconc
1956,37139,pasquotanknc
1957,37141,pendernc
1958,37143,perquimansnc
1959,37145,personnc
1960,37147,pittnc
1961,37149,polknc
1962,37151,randolphnc
1963,37153,richmondnc
1964,37155,robesonnc
1965,37157,rockinghamnc
1966,37159,rowannc
1967,37161,rutherfordnc
1968,37163,sampsonnc
1969,37165,scotlandnc
1970,37167,stanlync
1971,37169,stokesnc
1972,37171,surrync
1973,37173,swainnc
1974,37175,transylvanianc
1975,37177,tyrrellnc
1976,37179,unionnc
1977,37181,vancenc
1978,37183,wakenc
1979,37185,warrennc
1980,37187,washingtonnc
1981,37189,watauganc
1982,37191,waynenc
1983,37193,wilkesnc
1984,37195,wilsonnc
1985,37197,yadkinnc
1986,37199,yanceync
1987,38001,adamsnd
1988,38003,barnesnd
1989,38005,bensonnd
1990,38007,billingsnd
1991,38009,bottineaund
1992,38011,bowmannd
1993,38013,burkend
1994,38015,burleighnd
1995,38017,cassnd
1996,38019,cavaliernd
1997,38021,dickeynd
1998,38023,dividend
1999,38025,dunnnd
2000,38027,eddynd
2001,38029,emmonsnd
2002,38031,fosternd
2003,38033,goldenvalleynd
2004,38035,grandforksnd
2005,38037,grantnd
2006,38039,griggsnd
2007,38041,hettingernd
2008,38043,kiddernd
2009,38045,lamourend
2010,38047,logannd
2011,38049,mchenrynd
2012,38051,mcintoshnd
2013,38053,mckenziend
2014,38055,mcleannd
2015,38057,mercernd
2016,38059,mortonnd
2017,38061,mountrailnd
2018,38063,nelsonnd
2019,38065,olivernd
2020,38067,pembinand
2021,38069,piercend
2022,38071,ramseynd
2023,38073,ransomnd
2024,38075,renvillend
2025,38077,richlandnd
2026,38079,rolettend
2027,38081,sargentnd
2028,38083,sheridannd
2029,38085,siouxnd
2030,38087,slopend
2031,38089,starknd
2032,38091,steelend
2033,38093,stutsmannd
2034,38095,townernd
2035,38097,traillnd
2036,38099,walshnd
2037,38101,wardnd
2038,38103,wellsnd
2039,38105,williamsnd
2040,39001,adamsoh
2041,39003,allenoh
2042,39005,ashlandoh
2043,39007,ashtabulaoh
2044,39009,athensoh
2045,39011,auglaizeoh
2046,39013,belmontoh
2047,39015,brownoh
2048,39017,butleroh
2049,39019,carrolloh
2050,39021,champaignoh
2051,39023,clarkoh
2052,39025,clermontoh
2053,39027,clintonoh
2054,39029,columbianaoh
2055,39031,coshoctonoh
2056,39033,crawfordoh
2057,39035,cuyahogaoh
2058,39037,darkeoh
2059,39039,defianceoh
2060,39041,delawareoh
2061,39043,erieoh
2062,39045,fairfieldoh
2063,39047,fayetteoh
2064,39049,franklinoh
2065,39051,fultonoh
2066,39053,galliaoh
2067,39055,geaugaoh
2068,39057,greeneoh
2069,39059,guernseyoh
2070,39061,hamiltonoh
2071,39063,hancockoh
2072,39065,hardinoh
2073,39067,harrisonoh
2074,39069,henryoh
2075,39071,highlandoh
2076,39073,hockingoh
2077,39075,holmesoh
2078,39077,huronoh
2079,39079,jacksonoh
2080,39081,jeffersonoh
2081,39083,knoxoh
2082,39085,lakeoh
2083,39087,lawrenceoh
2084,39089,lickingoh
2085,39091,loganoh
2086,39093,lorainoh
2087,39095,lucasoh
2088,39097,madisonoh
2089,39099,mahoningoh
2090,39101,marionoh
2091,39103,medinaoh
2092,39105,meigsoh
2093,39107,merceroh
2094,39109,miamioh
2095,39111,monroeoh
2096,39113,montgomeryoh
2097,39115,morganoh
2098,39117,morrowoh
2099,39119,muskingumoh
2100,39121,nobleoh
2101,39123,ottawaoh
2102,39125,pauldingoh
2103,39127,perryoh
2104,39129,pickawayoh
2105,39131,pikeoh
2106,39133,portageoh
2107,39135,prebleoh
2108,39137,putnamoh
2109,39139,richlandoh
2110,39141,rossoh
2111,39143,sanduskyoh
2112,39145,sciotooh
2113,39147,senecaoh
2114,39149,shelbyoh
2115,39151,starkoh
2116,39153,summitoh
2117,39155,trumbulloh
2118,39157,tuscarawasoh
2119,39159,unionoh
2120,39161,vanwertoh
2121,39163,vintonoh
2122,39165,warrenoh
2123,39167,washingtonoh
2124,39169,wayneoh
2125,39171,williamsoh
2126,39173,woodoh
2127,39175,wyandotoh
2128,40001,adairok
2129,40003,alfalfaok
2130,40005,atokaok
2131,40007,beaverok
2132,40009,beckhamok
2133,40011,blaineok
2134,40013,bryanok
2135,40015,caddook
2136,40017,canadianok
2137,40019,carterok
2138,40021,cherokeeok
2139,40023,choctawok
2140,40025,cimarronok
2141,40027,clevelandok
2142,40029,coalok
2143,40031,comancheok
2144,40033,cottonok
2145,40035,craigok
2146,40037,creekok
2147,40039,custerok
2148,40041,delawareok
2149,40043,deweyok
2150,40045,ellisok
2151,40047,garfieldok
2152,40049,garvinok
2153,40051,gradyok
2154,40053,grantok
2155,40055,greerok
2156,40057,harmonok
2157,40059,harperok
2158,40061,haskellok
2159,40063,hughesok
2160,40065,jacksonok
2161,40067,jeffersonok
2162,40069,johnstonok
2163,40071,kayok
2164,40073,kingfisherok
2165,40075,kiowaok
2166,40077,latimerok
2167,40079,lefloreok
2168,40081,lincolnok
2169,40083,loganok
2170,40085,loveok
2171,40087,mcclainok
2172,40089,mccurtainok
2173,40091,mcintoshok
2174,40093,majorok
2175,40095,marshallok
2176,40097,mayesok
2177,40099,murrayok
2178,40101,muskogeeok
2179,40103,nobleok
2180,40105,nowataok
2181,40107,okfuskeeok
2182,40109,oklahomaok
2183,40111,okmulgeeok
2184,40113,osageok
2185,40115,ottawaok
2186,40117,pawneeok
2187,40119,payneok
2188,40121,pittsburgok
2189,40123,pontotocok
2190,40125,pottawatomieok
2191,40127,pushmatahaok
2192,40129,rogermillsok
2193,40131,rogersok
2194,40133,seminoleok
2195,40135,sequoyahok
2196,40137,stephensok
2197,40139,texasok
2198,40141,tillmanok
2199,40143,tulsaok
2200,40145,wagonerok
2201,40147,washingtonok
2202,40149,washitaok
2203,40151,woodsok
2204,40153,woodwardok
2205,41001,bakeror
2206,41003,bentonor
2207,41005,clackamasor
2208,41007,clatsopor
2209,41009,columbiaor
2210,41011,coosor
2211,41013,crookor
2212,41015,curryor
2213,41017,deschutesor
2214,41019,douglasor
2215,41021,gilliamor
2216,41023,grantor
2217,41025,harneyor
2218,41027,hoodriveror
2219,41029,jacksonor
2220,41031,jeffersonor
2221,41033,josephineor
2222,41035,klamathor
2223,41037,lakeor
2224,41039,laneor
2225,41041,lincolnor
2226,41043,linnor
2227,41045,malheuror
2228,41047,marionor
2229,41049,morrowor
2230,41051,multnomahor
2231,41053,polkor
2232,41055,shermanor
2233,41057,tillamookor
2234,41059,umatillaor
2235,41061,unionor
2236,41063,wallowaor
2237,41065,wascoor
2238,41067,washingtonor
2239,41069,wheeleror
2240,41071,yamhillor
2241,42001,adamspa
2242,42003,alleghenypa
2243,42005,armstrongpa
2244,42007,beaverpa
2245,42009,bedfordpa
2246,42011,berkspa
2247,42013,blairpa
2248,42015,bradfordpa
2249,42017,buckspa
2250,42019,butlerpa
2251,42021,cambriapa
2252,42023,cameronpa
2253,42025,carbonpa
2254,42027,centrepa
2255,42029,chesterpa
2256,42031,clarionpa
2257,42033,clearfieldpa
2258,42035,clintonpa
2259,42037,columbiapa
2260,42039,crawfordpa
2261,42041,cumberlandpa
2262,42043,dauphinpa
2263,42045,delawarepa
2264,42047,elkpa
2265,42049,eriepa
2266,42051,fayettepa
2267,42053,forestpa
2268,42055,franklinpa
2269,42057,fultonpa
2270,42059,greenepa
2271,42061,huntingdonpa
2272,42063,indianapa
2273,42065,jeffersonpa
2274,42067,juniatapa
2275,42069,lackawannapa
2276,42071,lancasterpa
2277,42073,lawrencepa
2278,42075,lebanonpa
2279,42077,lehighpa
2280,42079,luzernepa
2281,42081,lycomingpa
2282,42083,mckeanpa
2283,42085,mercerpa
2284,42087,mifflinpa
2285,42089,monroepa
2286,42091,montgomerypa
2287,42093,montourpa
2288,42095,northamptonpa
2289,42097,northumberlandpa
2290,42099,perrypa
2291,42101,philadelphiapa
2292,42103,pikepa
2293,42105,potterpa
2294,42107,schuylkillpa
2295,42109,snyderpa
2296,42111,somersetpa
2297,42113,sullivanpa
2298,42115,susquehannapa
2299,42117,tiogapa
2300,42119,unionpa
2301,42121,venangopa
2302,42123,warrenpa
2303,42125,washingtonpa
2304,42127,waynepa
2305,42129,westmorelandpa
2306,42131,wyomingpa
2307,42133,yorkpa
2308,44001,bristolri
2309,44003,kentri
2310,44005,newportri
2311,44007,providenceri
2312,44009,washingtonri
2313,45001,abbevillesc
2314,45003,aikensc
2315,45005,allendalesc
2316,45007,andersonsc
2317,45009,bambergsc
2318,45011,barnwellsc
2319,45013,beaufortsc
2320,45015,berkeleysc
2321,45017,calhounsc
2322,45019,charlestonsc
2323,45021,cherokeesc
2324,45023,chestersc
2325,45025,chesterfieldsc
2326,45027,clarendonsc
2327,45029,colletonsc
2328,45031,darlingtonsc
2329,45033,dillonsc
2330,45035,dorchestersc
2331,45037,edgefieldsc
2332,45039,fairfieldsc
2333,45041,florencesc
2334,45043,georgetownsc
2335,45045,greenvillesc
2336,45047,greenwoodsc
2337,45049,hamptonsc
2338,45051,horrysc
2339,45053,jaspersc
2340,45055,kershawsc
2341,45057,lancastersc
2342,45059,laurenssc
2343,45061,leesc
2344,45063,lexingtonsc
2345,45065,mccormicksc
2346,45067,marionsc
2347,45069,marlborosc
2348,45071,newberrysc
2349,45073,oconeesc
2350,45075,orangeburgsc
2351,45077,pickenssc
2352,45079,richlandsc
2353,45081,saludasc
2354,45083,spartanburgsc
2355,45085,sumtersc
2356,45087,unionsc
2357,45089,williamsburgsc
2358,45091,yorksc
2359,46003,aurorasd
2360,46005,beadlesd
2361,46007,bennettsd
2362,46009,bonhommesd
2363,46011,brookingssd
2364,46013,brownsd
2365,46015,brulesd
2366,46017,buffalosd
2367,46019,buttesd
2368,46021,campbellsd
2369,46023,charlesmixsd
2370,46025,clarksd
2371,46027,claysd
2372,46029,codingtonsd
2373,46031,corsonsd
2374,46033,custersd
2375,46035,davisonsd
2376,46037,daysd
2377,46039,deuelsd
2378,46041,deweysd
2379,46043,douglassd
2380,46045,edmundssd
2381,46047,fallriversd
2382,46049,faulksd
2383,46051,grantsd
2384,46053,gregorysd
2385,46055,haakonsd
2386,46057,hamlinsd
2387,46059,handsd
2388,46061,hansonsd
2389,46063,hardingsd
2390,46065,hughessd
2391,46067,hutchinsonsd
2392,46069,hydesd
2393,46071,jacksonsd
2394,46073,jerauldsd
2395,46075,jonessd
2396,46077,kingsburysd
2397,46079,lakesd
2398,46081,lawrencesd
2399,46083,lincolnsd
2400,46085,lymansd
2401,46087,mccooksd
2402,46089,mcphersonsd
2403,46091,marshallsd
2404,46093,meadesd
2405,46095,mellettesd
2406,46097,minersd
2407,46099,minnehahasd
2408,46101,moodysd
2409,46103,penningtonsd
2410,46105,perkinssd
2411,46107,pottersd
2412,46109,robertssd
2413,46111,sanbornsd
2414,46113,shannonsd
2415,46115,spinksd
2416,46117,stanleysd
2417,46119,sullysd
2418,46121,toddsd
2419,46123,trippsd
2420,46125,turnersd
2421,46127,unionsd
2422,46129,walworthsd
2423,46135,yanktonsd
2424,46137,ziebachsd
2425,47001,andersontn
2426,47003,bedfordtn
2427,47005,bentontn
2428,47007,bledsoetn
2429,47009,blounttn
2430,47011,bradleytn
2431,47013,campbelltn
2432,47015,cannontn
2433,47017,carrolltn
2434,47019,cartertn
2435,47021,cheathamtn
2436,47023,chestertn
2437,47025,claibornetn
2438,47027,claytn
2439,47029,cocketn
2440,47031,coffeetn
2441,47033,crocketttn
2442,47035,cumberlandtn
2443,47037,davidsontn
2444,47039,decaturtn
2445,47041,dekalbtn
2446,47043,dicksontn
2447,47045,dyertn
2448,47047,fayettetn
2449,47049,fentresstn
2450,47051,franklintn
2451,47053,gibsontn
2452,47055,gilestn
2453,47057,graingertn
2454,47059,greenetn
2455,47061,grundytn
2456,47063,hamblentn
2457,47065,hamiltontn
2458,47067,hancocktn
2459,47069,hardemantn
2460,47071,hardintn
2461,47073,hawkinstn
2462,47075,haywoodtn
2463,47077,hendersontn
2464,47079,henrytn
2465,47081,hickmantn
2466,47083,houstontn
2467,47085,humphreystn
2468,47087,jacksontn
2469,47089,jeffersontn
2470,47091,johnsontn
2471,47093,knoxtn
2472,47095,laketn
2473,47097,lauderdaletn
2474,47099,lawrencetn
2475,47101,lewistn
2476,47103,lincolntn
2477,47105,loudontn
2478,47107,mcminntn
2479,47109,mcnairytn
2480,47111,macontn
2481,47113,madisontn
2482,47115,mariontn
2483,47117,marshalltn
2484,47119,maurytn
2485,47121,meigstn
2486,47123,monroetn
2487,47125,montgomerytn
2488,47127,mooretn
2489,47129,morgantn
2490,47131,obiontn
2491,47133,overtontn
2492,47135,perrytn
2493,47137,picketttn
2494,47139,polktn
2495,47141,putnamtn
2496,47143,rheatn
2497,47145,roanetn
2498,47147,robertsontn
2499,47149,rutherfordtn
2500,47151,scotttn
2501,47153,sequatchietn
2502,47155,seviertn
2503,47157,shelbytn
2504,47159,smithtn
2505,47161,stewarttn
2506,47163,sullivantn
2507,47165,sumnertn
2508,47167,tiptontn
2509,47169,trousdaletn
2510,47171,unicoitn
2511,47173,uniontn
2512,47175,vanburentn
2513,47177,warrentn
2514,47179,washingtontn
2515,47181,waynetn
2516,47183,weakleytn
2517,47185,whitetn
2518,47187,williamsontn
2519,47189,wilsontn
2520,48001,andersontx
2521,48003,andrewstx
2522,48005,angelinatx
2523,48007,aransastx
2524,48009,archertx
2525,48011,armstrongtx
2526,48013,atascosatx
2527,48015,austintx
2528,48017,baileytx
2529,48019,banderatx
2530,48021,bastroptx
2531,48023,baylortx
2532,48025,beetx
2533,48027,belltx
2534,48029,bexartx
2535,48031,blancotx
2536,48033,bordentx
2537,48035,bosquetx
2538,48037,bowietx
2539,48039,brazoriatx
2540,48041,brazostx
2541,48043,brewstertx
2542,48045,briscoetx
2543,48047,brookstx
2544,48049,browntx
2545,48051,burlesontx
2546,48053,burnettx
2547,48055,caldwelltx
2548,48057,calhountx
2549,48059,callahantx
2550,48061,camerontx
2551,48063,camptx
2552,48065,carsontx
2553,48067,casstx
2554,48069,castrotx
2555,48071,chamberstx
2556,48073,cherokeetx
2557,48075,childresstx
2558,48077,claytx
2559,48079,cochrantx
2560,48081,coketx
2561,48083,colemantx
2562,48085,collintx
2563,48087,collingsworthtx
2564,48089,coloradotx
2565,48091,comaltx
2566,48093,comanchetx
2567,48095,conchotx
2568,48097,cooketx
2569,48099,coryelltx
2570,48101,cottletx
2571,48103,cranetx
2572,48105,crocketttx
2573,48107,crosbytx
2574,48109,culbersontx
2575,48111,dallamtx
2576,48113,dallastx
2577,48115,dawsontx
2578,48117,deafsmithtx
2579,48119,deltatx
2580,48121,dentontx
2581,48123,dewitttx
2582,48125,dickenstx
2583,48127,dimmittx
2584,48129,donleytx
2585,48131,duvaltx
2586,48133,eastlandtx
2587,48135,ectortx
2588,48137,edwardstx
2589,48139,ellistx
2590,48141,elpasotx
2591,48143,erathtx
2592,48145,fallstx
2593,48147,fannintx
2594,48149,fayettetx
2595,48151,fishertx
2596,48153,floydtx
2597,48155,foardtx
2598,48157,fortbendtx
2599,48159,franklintx
2600,48161,freestonetx
2601,48163,friotx
2602,48165,gainestx
2603,48167,galvestontx
2604,48169,garzatx
2605,48171,gillespietx
2606,48173,glasscocktx
2607,48175,goliadtx
2608,48177,gonzalestx
2609,48179,graytx
2610,48181,graysontx
2611,48183,greggtx
2612,48185,grimestx
2613,48187,guadalupetx
2614,48189,haletx
2615,48191,halltx
2616,48193,hamiltontx
2617,48195,hansfordtx
2618,48197,hardemantx
2619,48199,hardintx
2620,48201,harristx
2621,48203,harrisontx
2622,48205,hartleytx
2623,48207,haskelltx
2624,48209,haystx
2625,48211,hemphilltx
2626,48213,hendersontx
2627,48215,hidalgotx
2628,48217,hilltx
2629,48219,hockleytx
2630,48221,hoodtx
2631,48223,hopkinstx
2632,48225,houstontx
2633,48227,howardtx
2634,48229,hudspethtx
2635,48231,hunttx
2636,48233,hutchinsontx
2637,48235,iriontx
2638,48237,jacktx
2639,48239,jacksontx
2640,48241,jaspertx
2641,48243,jeffdavistx
2642,48245,jeffersontx
2643,48247,jimhoggtx
2644,48249,jimwellstx
2645,48251,johnsontx
2646,48253,jonestx
2647,48255,karnestx
2648,48257,kaufmantx
2649,48259,kendalltx
2650,48261,kenedytx
2651,48263,kenttx
2652,48265,kerrtx
2653,48267,kimbletx
2654,48269,kingtx
2655,48271,kinneytx
2656,48273,klebergtx
2657,48275,knoxtx
2658,48277,lamartx
2659,48279,lambtx
2660,48281,lampasastx
2661,48283,lasalletx
2662,48285,lavacatx
2663,48287,leetx
2664,48289,leontx
2665,48291,libertytx
2666,48293,limestonetx
2667,48295,lipscombtx
2668,48297,liveoaktx
2669,48299,llanotx
2670,48301,lovingtx
2671,48303,lubbocktx
2672,48305,lynntx
2673,48307,mccullochtx
2674,48309,mclennantx
2675,48311,mcmullentx
2676,48313,madisontx
2677,48315,mariontx
2678,48317,martintx
2679,48319,masontx
2680,48321,matagordatx
2681,48323,mavericktx
2682,48325,medinatx
2683,48327,menardtx
2684,48329,midlandtx
2685,48331,milamtx
2686,48333,millstx
2687,48335,mitchelltx
2688,48337,montaguetx
2689,48339,montgomerytx
2690,48341,mooretx
2691,48343,morristx
2692,48345,motleytx
2693,48347,nacogdochestx
2694,48349,navarrotx
2695,48351,newtontx
2696,48353,nolantx
2697,48355,nuecestx
2698,48357,ochiltreetx
2699,48359,oldhamtx
2700,48361,orangetx
2701,48363,palopintotx
2702,48365,panolatx
2703,48367,parkertx
2704,48369,parmertx
2705,48371,pecostx
2706,48373,polktx
2707,48375,pottertx
2708,48377,presidiotx
2709,48379,rainstx
2710,48381,randalltx
2711,48383,reagantx
2712,48385,realtx
2713,48387,redrivertx
2714,48389,reevestx
2715,48391,refugiotx
2716,48393,robertstx
2717,48395,robertsontx
2718,48397,rockwalltx
2719,48399,runnelstx
2720,48401,rusktx
2721,48403,sabinetx
2722,48405,sanaugustinetx
2723,48407,sanjacintotx
2724,48409,sanpatriciotx
2725,48411,sansabatx
2726,48413,schleichertx
2727,48415,scurrytx
2728,48417,shackelfordtx
2729,48419,shelbytx
2730,48421,shermantx
2731,48423,smithtx
2732,48425,somervelltx
2733,48427,starrtx
2734,48429,stephenstx
2735,48431,sterlingtx
2736,48433,stonewalltx
2737,48435,suttontx
2738,48437,swishertx
2739,48439,tarranttx
2740,48441,taylortx
2741,48443,terrelltx
2742,48445,terrytx
2743,48447,throckmortontx
2744,48449,titustx
2745,48451,tomgreentx
2746,48453,travistx
2747,48455,trinitytx
2748,48457,tylertx
2749,48459,upshurtx
2750,48461,uptontx
2751,48463,uvaldetx
2752,48465,valverdetx
2753,48467,vanzandttx
2754,48469,victoriatx
2755,48471,walkertx
2756,48473,wallertx
2757,48475,wardtx
2758,48477,washingtontx
2759,48479,webbtx
2760,48481,whartontx
2761,48483,wheelertx
2762,48485,wichitatx
2763,48487,wilbargertx
2764,48489,willacytx
2765,48491,williamsontx
2766,48493,wilsontx
2767,48495,winklertx
2768,48497,wisetx
2769,48499,woodtx
2770,48501,yoakumtx
2771,48503,youngtx
2772,48505,zapatatx
2773,48507,zavalatx
2774,49001,beaverut
2775,49003,boxelderut
2776,49005,cacheut
2777,49007,carbonut
2778,49009,daggettut
2779,49011,davisut
2780,49013,duchesneut
2781,49015,emeryut
2782,49017,garfieldut
2783,49019,grandut
2784,49021,ironut
2785,49023,juabut
2786,49025,kaneut
2787,49027,millardut
2788,49029,morganut
2789,49031,piuteut
2790,49033,richut
2791,49035,saltlakeut
2792,49037,sanjuanut
2793,49039,sanpeteut
2794,49041,sevierut
2795,49043,summitut
2796,49045,tooeleut
2797,49047,uintahut
2798,49049,utahut
2799,49051,wasatchut
2800,49053,washingtonut
2801,49055,wayneut
2802,49057,weberut
2803,50001,addisonvt
2804,50003,benningtonvt
2805,50005,caledoniavt
2806,50007,chittendenvt
2807,50009,essexvt
2808,50011,franklinvt
2809,50013,grandislevt
2810,50015,lamoillevt
2811,50017,orangevt
2812,50019,orleansvt
2813,50021,rutlandvt
2814,50023,washingtonvt
2815,50025,windhamvt
2816,50027,windsorvt
2817,51001,accomackva
2818,51003,albemarleva
2819,51005,alleghanyva
2820,51007,ameliava
2821,51009,amherstva
2822,51011,appomattoxva
2823,51013,arlingtonva
2824,51015,augustava
2825,51017,bathva
2826,51019,bedfordcountyva
2827,51021,blandva
2828,51023,botetourtva
2829,51025,brunswickva
2830,51027,buchananva
2831,51029,buckinghamva
2832,51031,campbellva
2833,51033,carolineva
2834,51035,carrollva
2835,51036,charlesva
2836,51037,charlotteva
2837,51041,chesterfieldva
2838,51043,clarkeva
2839,51045,craigva
2840,51047,culpeperva
2841,51049,cumberlandva
2842,51051,dickensonva
2843,51053,dinwiddieva
2844,51057,essexva
2845,51059,fairfaxcountyva
2846,51061,fauquierva
2847,51063,floydva
2848,51065,fluvannava
2849,51067,franklincountyva
2850,51069,frederickva
2851,51071,gilesva
2852,51073,gloucesterva
2853,51075,goochlandva
2854,51077,graysonva
2855,51079,greeneva
2856,51081,greensvilleva
2857,51083,halifaxva
2858,51085,hanoverva
2859,51087,henricova
2860,51089,henryva
2861,51091,highlandva
2862,51093,isleofwightva
2863,51095,jamesva
2864,51097,kingandqueenva
2865,51099,kinggeorgeva
2866,51101,kingwilliamva
2867,51103,lancasterva
2868,51105,leeva
2869,51107,loudounva
2870,51109,louisava
2871,51111,lunenburgva
2872,51113,madisonva
2873,51115,mathewsva
2874,51117,mecklenburgva
2875,51119,middlesexva
2876,51121,montgomeryva
2877,51125,nelsonva
2878,51127,newkentva
2879,51131,northamptonva
2880,51133,northumberlandva
2881,51135,nottowayva
2882,51137,orangeva
2883,51139,pageva
2884,51141,patrickva
2885,51143,pittsylvaniava
2886,51145,powhatanva
2887,51147,princeedwardva
2888,51149,princegeorgeva
2889,51153,princewilliamva
2890,51155,pulaskiva
2891,51157,rappahannockva
2892,51159,richmondcountyva
2893,51161,roanokecountyva
2894,51163,rockbridgeva
2895,51165,rockinghamva
2896,51167,russellva
2897,51169,scottva
2898,51171,shenandoahva
2899,51173,smythva
2900,51175,southamptonva
2901,51177,spotsylvaniava
2902,51179,staffordva
2903,51181,surryva
2904,51183,sussexva
2905,51185,tazewellva
2906,51187,warrenva
2907,51191,washingtonva
2908,51193,westmorelandva
2909,51195,wiseva
2910,51197,wytheva
2911,51199,yorkva
2912,51510,alexandriava
2913,51515,bedfordva
2914,51520,bristolva
2915,51530,buenavistava
2916,51540,charlottesvilleva
2917,51550,chesapeakeva
2918,51560,cliftonforgeva
2919,51570,colonialheightscitva
2920,51580,covingtonva
2921,51590,danvilleva
2922,51595,emporiava
2923,51600,fairfaxcityva
2924,51610,fallschurchva
2925,51620,franklinva
2926,51630,fredericksburgva
2927,51640,galaxva
2928,51650,hamptonva
2929,51660,harrisonburgva
2930,51670,hopewellva
2931,51678,lexingtonva
2932,51680,lynchburgva
2933,51683,manassasva
2934,51685,manassasparkva
2935,51690,martinsvilleva
2936,51700,newportnewsva
2937,51710,norfolkva
2938,51720,nortonva
2939,51730,petersburgva
2940,51735,poquosonva
2941,51740,portsmouthva
2942,51750,radfordva
2943,51760,richmondva
2944,51770,roanokeva
2945,51775,salemva
2946,51780,southbostonva
2947,51790,stauntonva
2948,51800,suffolkva
2949,51810,virginiabeachva
2950,51820,waynesborova
2951,51830,williamsburgva
2952,51840,winchesterva
2953,53001,adamswa
2954,53003,asotinwa
2955,53005,bentonwa
2956,53007,chelanwa
2957,53009,clallamwa
2958,53011,clarkwa
2959,53013,columbiawa
2960,53015,cowlitzwa
2961,53017,douglaswa
2962,53019,ferrywa
2963,53021,franklinwa
2964,53023,garfieldwa
2965,53025,grantwa
2966,53027,graysharborwa
2967,53029,islandwa
2968,53031,jeffersonwa
2969,53033,kingwa
2970,53035,kitsapwa
2971,53037,kittitaswa
2972,53039,klickitatwa
2973,53041,lewiswa
2974,53043,lincolnwa
2975,53045,masonwa
2976,53047,okanoganwa
2977,53049,pacificwa
2978,53051,pendoreillewa
2979,53053,piercewa
2980,53055,sanjuanwa
2981,53057,skagitwa
2982,53059,skamaniawa
2983,53061,snohomishwa
2984,53063,spokanewa
2985,53065,stevenswa
2986,53067,thurstonwa
2987,53069,wahkiakumwa
2988,53071,wallawallawa
2989,53073,whatcomwa
2990,53075,whitmanwa
2991,53077,yakimawa
2992,54001,barbourwv
2993,54003,berkeleywv
2994,54005,boonewv
2995,54007,braxtonwv
2996,54009,brookewv
2997,54011,cabellwv
2998,54013,calhounwv
2999,54015,claywv
3000,54017,doddridgewv
3001,54019,fayettewv
3002,54021,gilmerwv
3003,54023,grantwv
3004,54025,greenbrierwv
3005,54027,hampshirewv
3006,54029,hancockwv
3007,54031,hardywv
3008,54033,harrisonwv
3009,54035,jacksonwv
3010,54037,jeffersonwv
3011,54039,kanawhawv
3012,54041,lewiswv
3013,54043,lincolnwv
3014,54045,loganwv
3015,54047,mcdowellwv
3016,54049,marionwv
3017,54051,marshallwv
3018,54053,masonwv
3019,54055,mercerwv
3020,54057,mineralwv
3021,54059,mingowv
3022,54061,monongaliawv
3023,54063,monroewv
3024,54065,morganwv
3025,54067,nicholaswv
3026,54069,ohiowv
3027,54071,pendletonwv
3028,54073,pleasantswv
3029,54075,pocahontaswv
3030,54077,prestonwv
3031,54079,putnamwv
3032,54081,raleighwv
3033,54083,randolphwv
3034,54085,ritchiewv
3035,54087,roanewv
3036,54089,summerswv
3037,54091,taylorwv
3038,54093,tuckerwv
3039,54095,tylerwv
3040,54097,upshurwv
3041,54099,waynewv
3042,54101,websterwv
3043,54103,wetzelwv
3044,54105,wirtwv
3045,54107,woodwv
3046,54109,wyomingwv
3047,55001,adamswi
3048,55003,ashlandwi
3049,55005,barronwi
3050,55007,bayfieldwi
3051,55009,brownwi
3052,55011,buffalowi
3053,55013,burnettwi
3054,55015,calumetwi
3055,55017,chippewawi
3056,55019,clarkwi
3057,55021,columbiawi
3058,55023,crawfordwi
3059,55025,danewi
3060,55027,dodgewi
3061,55029,doorwi
3062,55031,douglaswi
3063,55033,dunnwi
3064,55035,eauclairewi
3065,55037,florencewi
3066,55039,fonddulacwi
3067,55041,forestwi
3068,55043,grantwi
3069,55045,greenwi
3070,55047,greenlakewi
3071,55049,iowawi
3072,55051,ironwi
3073,55053,jacksonwi
3074,55055,jeffersonwi
3075,55057,juneauwi
3076,55059,kenoshawi
3077,55061,kewauneewi
3078,55063,lacrossewi
3079,55065,lafayettewi
3080,55067,langladewi
3081,55069,lincolnwi
3082,55071,manitowocwi
3083,55073,marathonwi
3084,55075,marinettewi
3085,55077,marquettewi
3086,55078,menomineewi
3087,55079,milwaukeewi
3088,55081,monroewi
3089,55083,ocontowi
3090,55085,oneidawi
3091,55087,outagamiewi
3092,55089,ozaukeewi
3093,55091,pepinwi
3094,55093,piercewi
3095,55095,polkwi
3096,55097,portagewi
3097,55099,pricewi
3098,55101,racinewi
3099,55103,richlandwi
3100,55105,rockwi
3101,55107,ruskwi
3102,55109,stcroixwi
3103,55111,saukwi
3104,55113,sawyerwi
3105,55115,shawanowi
3106,55117,sheboyganwi
3107,55119,taylorwi
3108,55121,trempealeauwi
3109,55123,vernonwi
3110,55125,vilaswi
3111,55127,walworthwi
3112,55129,washburnwi
3113,55131,washingtonwi
3114,55133,waukeshawi
3115,55135,waupacawi
3116,55137,wausharawi
3117,55139,winnebagowi
3118,55141,woodwi
3119,56001,albanywy
3120,56003,bighornwy
3121,56005,campbellwy
3122,56007,carbonwy
3123,56009,conversewy
3124,56011,crookwy
3125,56013,fremontwy
3126,56015,goshenwy
3127,56017,hotspringswy
3128,56019,johnsonwy
3129,56021,laramiewy
3130,56023,lincolnwy
3131,56025,natronawy
3132,56027,niobrarawy
3133,56029,parkwy
3134,56031,plattewy
3135,56033,sheridanwy
3136,56035,sublettewy
3137,56037,sweetwaterwy
3138,56039,tetonwy
3139,56041,uintawy
3140,56043,washakiewy
3141,56045,westonwy
